Título,Precio,Año,Kilometraje,Ubicación,Enlace,Score
Ford Escape 2.0 Se 4x2,44900000,2014,141890,El Poblado - Medellín,https://carro.mercadolibre.com.co/MCO-2849878480-ford-escape-20-se-4x2-_JM#polycard_client=search-nordic&position=22&search_layout=grid&type=item&tracking_id=81b3f645-e53c-4053-99d7-37fca7207faa,35.7
Volkswagen Crossfox 1.6l,51500000,2018,71500,El Poblado - Medellín,https://carro.mercadolibre.com.co/MCO-1580285271-volkswagen-crossfox-16l-_JM#polycard_client=search-nordic&position=11&search_layout=grid&type=item&tracking_id=be3070fd-7b24-4244-ac88-5d8c262fc847,58.8
Kia Sorento 2.4 Natura 4x4,43900000,2012,212000,San Diego - Medellín,https://carro.mercadolibre.com.co/MCO-1544910671-kia-sorento-24-natura-4x4-_JM#polycard_client=search-nordic&position=26&search_layout=grid&type=item&tracking_id=c5081505-b365-4707-a071-316a6bed355b,17.6
Nissan Pathfinder 3.5 R52 Exclusive,63900000,2015,110000,El Poblado - Medellín,https://carro.mercadolibre.com.co/MCO-2838688636-nissan-pathfinder-35-r52-exclusive-_JM#polycard_client=search-nordic&position=40&search_layout=grid&type=item&tracking_id=9acaad1b-3980-4688-b3df-d393a4b50dde,31.2
Ford Escape 2.0 Se 4x4,46700000,2014,130000,Guayabal - Medellín,https://carro.mercadolibre.com.co/MCO-2851970456-ford-escape-20-se-4x4-_JM#polycard_client=search-nordic&position=24&search_layout=grid&type=item&tracking_id=26ea5e31-1826-4a79-9a44-ca9b5f22afc6,36.1
Ford Ecosport 2.0 Titanium At,44900000,2015,105639,El Poblado - Medellín,https://carro.mercadolibre.com.co/MCO-2836563050-ford-ecosport-20-titanium-at-_JM#polycard_client=search-nordic&position=20&search_layout=grid&type=item&tracking_id=9acaad1b-3980-4688-b3df-d393a4b50dde,45.3
Chevrolet Captiva 2.4 Sport 169 Hp,29000000,2014,130000,Alto De Palmas - Envigado,https://carro.mercadolibre.com.co/MCO-1571589951-chevroletc-captiva-_JM#polycard_client=search-nordic&position=42&search_layout=grid&type=item&tracking_id=26ea5e31-1826-4a79-9a44-ca9b5f22afc6,48.8
Renault Koleos 2.0 Dynamique,44000000,2013,138000,Santa Rosa De Osos,https://carro.mercadolibre.com.co/MCO-2847850490-renault-koleos-20-dynamique-_JM#polycard_client=search-nordic&position=18&search_layout=grid&type=item&tracking_id=be3070fd-7b24-4244-ac88-5d8c262fc847,32.5
Peugeot 2008 1.6 Active,56500000,2019,25500,Belén La Palma - Medellín,https://carro.mercadolibre.com.co/MCO-1556414213-peugeot-2008-16-active-_JM#polycard_client=search-nordic&position=11&search_layout=grid&type=item&tracking_id=26ea5e31-1826-4a79-9a44-ca9b5f22afc6,66.2
Renault Koleos 2.5 Bose,42000000,2016,109000,El Poblado - Medellín,https://carro.mercadolibre.com.co/MCO-1571500425-renault-koleos-25-bose-_JM#polycard_client=search-nordic&position=41&search_layout=grid&type=item&tracking_id=81b3f645-e53c-4053-99d7-37fca7207faa,51.4
Nissan Kicks 1.6 Advance At,62500000,2018,103000,Alto De Palmas - Envigado,https://carro.mercadolibre.com.co/MCO-1575626405-nissan-kicks-16-advance-_JM#polycard_client=search-nordic&position=23&search_layout=grid&type=item&tracking_id=26ea5e31-1826-4a79-9a44-ca9b5f22afc6,46.5
Ford Escape 2.0 Se 4x2,43900000,2013,152000,Belén - Medellín,https://carro.mercadolibre.com.co/MCO-2847881012-ford-escape-20-se-4x2-_JM#polycard_client=search-nordic&position=12&search_layout=grid&type=item&tracking_id=c5081505-b365-4707-a071-316a6bed355b,30.6
Nissan Qashqai 2.0 Advance,59000000,2016,175300,Primavera - Envigado,https://carro.mercadolibre.com.co/MCO-2863932138-nissan-qashqai-20-advance-_JM#polycard_client=search-nordic&position=43&search_layout=grid&type=item&tracking_id=9acaad1b-3980-4688-b3df-d393a4b50dde,29.8
Chevrolet Tracker 1.8 Ls At,35900000,2015,129000,El Poblado - Medellín,https://carro.mercadolibre.com.co/MCO-1562326257-chevrolet-tracker-18-ls-at-_JM#polycard_client=search-nordic&position=6&search_layout=grid&type=item&tracking_id=9acaad1b-3980-4688-b3df-d393a4b50dde,48.4
Chevrolet Tracker 1.8 Ls At,42000000,2016,90000,Los Colores - Medellín,https://carro.mercadolibre.com.co/MCO-1579682609-chevrolet-tracker-18-ls-at-_JM#polycard_client=search-nordic&position=27&search_layout=grid&type=item&tracking_id=26ea5e31-1826-4a79-9a44-ca9b5f22afc6,54.1
Ford Escape 2.0 Se 4x4,54500000,2016,109402,El Poblado - Medellín,https://carro.mercadolibre.com.co/MCO-1579304881-ford-escape-20-se-4x4-_JM#polycard_client=search-nordic&position=21&search_layout=grid&type=item&tracking_id=c5081505-b365-4707-a071-316a6bed355b,42.4
Ford Edge 3.5 Limited Fl,63300000,2013,140000,Rionegro,https://carro.mercadolibre.com.co/MCO-2855751506-ford-edge-35-limited-fl-_JM#polycard_client=search-nordic&position=17&search_layout=grid&type=item&tracking_id=be3070fd-7b24-4244-ac88-5d8c262fc847,18.4
Hyundai Santa Fe 2.4 Gls At,62900000,2014,128000,El Poblado - Medellín,https://carro.mercadolibre.com.co/MCO-2858697666-hyundai-santa-fe-24-gls-at-_JM#polycard_client=search-nordic&position=42&search_layout=grid&type=item&tracking_id=c5081505-b365-4707-a071-316a6bed355b,24.9
Kia Sportage 2.0 Revolution Gasolina 166 Hp,64900000,2014,104600,El Poblado - Medellín,https://carro.mercadolibre.com.co/MCO-2841209344-kia-sportage-20-revolution-gasolina-166-hp-_JM#polycard_client=search-nordic&position=4&search_layout=grid&type=item&tracking_id=9acaad1b-3980-4688-b3df-d393a4b50dde,26.8
Chevrolet Tracker 1.8 Ls At,49800000,2018,98000,El Poblado - Medellín,https://carro.mercadolibre.com.co/MCO-2849877274-chevrolet-tracker-18-ls-at-_JM#polycard_client=search-nordic&position=4&search_layout=grid&type=item&tracking_id=26ea5e31-1826-4a79-9a44-ca9b5f22afc6,56.3
Nissan X-trail 2.5 Exclusive,56800000,2018,60542,Las Vegas - Envigado,https://carro.mercadolibre.com.co/MCO-1579222137-nissan-x-trail-25-exclusive-4x4-_JM#polycard_client=search-nordic&position=29&search_layout=grid&type=item&tracking_id=81b3f645-e53c-4053-99d7-37fca7207faa,56.6
Jeep Compass 2.4 Limited,38000000,2012,145000,Barrio Colombia - Medellín,https://carro.mercadolibre.com.co/MCO-2810574166-jeep-compass-24-limited-_JM#polycard_client=search-nordic&position=7&search_layout=grid&type=item&tracking_id=81b3f645-e53c-4053-99d7-37fca7207faa,31.3
Nissan Qashqai 2.0l 4wd,46900000,2012,133900,El Poblado - Medellín,https://carro.mercadolibre.com.co/MCO-2839978238-nissan-qashqai-20l-4wd-_JM#polycard_client=search-nordic&position=32&search_layout=grid&type=item&tracking_id=c5081505-b365-4707-a071-316a6bed355b,26.6
Nissan Kicks 1.6 Exclusive,65000000,2018,46000,Zuñiga - Envigado,https://carro.mercadolibre.com.co/MCO-2846816202-nissan-kicks-16-advance-2018-autom-1a-financio-venpermuto-_JM#polycard_client=search-nordic&position=18&search_layout=grid&type=item&tracking_id=81b3f645-e53c-4053-99d7-37fca7207faa,52.8
Chevrolet Tracker 1.8 Ls At,37900000,2016,78500,Aguacatala - Medellín,https://carro.mercadolibre.com.co/MCO-2853787216-chevrolet-tracker-18-ls-at-_JM#polycard_client=search-nordic&position=11&search_layout=grid&type=item&tracking_id=81b3f645-e53c-4053-99d7-37fca7207faa,58.6
Ford Escape 2.0 Se 4x2,41500000,2014,100000,El Poblado - Medellín,https://carro.mercadolibre.com.co/MCO-1560785975-ford-escape-20-se-4x2-_JM#polycard_client=search-nordic&position=25&search_layout=grid&type=item&tracking_id=81b3f645-e53c-4053-99d7-37fca7207faa,44.1
Honda Cr-v 2.4 Lx,53900000,2012,124000,El Poblado - Medellín,https://carro.mercadolibre.com.co/MCO-1576382871-honda-cr-v-24-lx-_JM#polycard_client=search-nordic&position=40&search_layout=grid&type=item&tracking_id=c5081505-b365-4707-a071-316a6bed355b,23.0
Ford Escape 2.0 Se 4x2,41900000,2013,117300,Loma Del Escobero - Envigado,https://carro.mercadolibre.com.co/MCO-2837713556-ford-escape-20-se-4x2-_JM#polycard_client=search-nordic&position=26&search_layout=grid&type=item&tracking_id=81b3f645-e53c-4053-99d7-37fca7207faa,36.9
Nissan Juke 1.6l,63000000,2014,62000,Ciudad Del Rio - Medellín,https://carro.mercadolibre.com.co/MCO-2856475030-nissan-juke-16l-_JM#polycard_client=search-nordic&position=9&search_layout=grid&type=item&tracking_id=be3070fd-7b24-4244-ac88-5d8c262fc847,34.2
Chevrolet Captiva 3.0 Sport 4x4,40000000,2012,139751,Itaguí,https://carro.mercadolibre.com.co/MCO-2852453650-chevrolet-captiva-30-sport-4x4-_JM#polycard_client=search-nordic&position=30&search_layout=grid&type=item&tracking_id=be3070fd-7b24-4244-ac88-5d8c262fc847,30.6
Brilliance V5 1.5 Deluxe,30000000,2014,123000,Jardín,https://carro.mercadolibre.com.co/MCO-2853904708-brilliance-v5-15ti-_JM#polycard_client=search-nordic&position=11&search_layout=grid&type=item&tracking_id=c5081505-b365-4707-a071-316a6bed355b,49.0
Renault Duster 2.0 Dynamique 4x2 At,55800000,2017,70000,Barrio Cristóbal - Medellín,https://carro.mercadolibre.com.co/MCO-1568609749-renault-duster-20-dynamique-4x2-at-_JM#polycard_client=search-nordic&position=38&search_layout=grid&type=item&tracking_id=be3070fd-7b24-4244-ac88-5d8c262fc847,51.5
Chevrolet Tracker 1.8 Lt,49000000,2018,95000,La Ceja,https://carro.mercadolibre.com.co/MCO-1574767015-chevrolet-tracker-18-lt-_JM#polycard_client=search-nordic&position=45&search_layout=grid&type=item&tracking_id=26ea5e31-1826-4a79-9a44-ca9b5f22afc6,57.3
Chevrolet Traverse 3.6l Lt,53900000,2014,91700,El Poblado - Medellín,https://carro.mercadolibre.com.co/MCO-1572560793-chevrolet-traverse-36l-lt-2014-_JM#polycard_client=search-nordic&position=43&search_layout=grid&type=item&tracking_id=c5081505-b365-4707-a071-316a6bed355b,36.5
Ford Escape 2.0 Se 4x2,43600000,2014,106331,San Jose - Sabaneta,https://carro.mercadolibre.com.co/MCO-2852608646-ford-escape-20-se-4x2-_JM#polycard_client=search-nordic&position=37&search_layout=grid&type=item&tracking_id=26ea5e31-1826-4a79-9a44-ca9b5f22afc6,41.7
Chevrolet Tracker 1.8 Lt At,40900000,2016,96800,Barrio Colombia - Medellín,https://carro.mercadolibre.com.co/MCO-1552841443-chevrolet-tracker-18-lt-at-_JM#polycard_client=search-nordic&position=36&search_layout=grid&type=item&tracking_id=c5081505-b365-4707-a071-316a6bed355b,53.9
Ford Escape 2.0 Titanium,58900000,2016,84000,El Poblado - Medellín,https://carro.mercadolibre.com.co/MCO-2860876122-ford-escape-20-titanium-_JM#polycard_client=search-nordic&position=15&search_layout=grid&type=item&tracking_id=9acaad1b-3980-4688-b3df-d393a4b50dde,42.9
Chevrolet Tracker 1.8 Ls,33900000,2013,104000,El Poblado - Medellín,https://carro.mercadolibre.com.co/MCO-2854011354-chevrolet-tracker-18-ls-_JM#polycard_client=search-nordic&position=1&search_layout=grid&type=item&tracking_id=26ea5e31-1826-4a79-9a44-ca9b5f22afc6,44.5
Nissan Pathfinder 3.5 R52 Advance,57000000,2014,114000,Barrio Antioquia - Medellín,https://carro.mercadolibre.com.co/MCO-1572512455-nissan-pathfinder-35-r52-advance-_JM#polycard_client=search-nordic&position=47&search_layout=grid&type=item&tracking_id=26ea5e31-1826-4a79-9a44-ca9b5f22afc6,31.1
Ford Escape 2.0 Se 4x4,53900000,2015,117000,Belén La Mota - Medellín,https://carro.mercadolibre.com.co/MCO-2861793434-ford-escape-20-se-4x4-_JM#polycard_client=search-nordic&position=27&search_layout=grid&type=item&tracking_id=be3070fd-7b24-4244-ac88-5d8c262fc847,37.3
Chevrolet Tracker 1.8 Premier Awd At,56900000,2019,75000,El Poblado - Medellín,https://carro.mercadolibre.com.co/MCO-2848509094-chevrolet-tracker-18-premier-awd-at-_JM#polycard_client=search-nordic&position=21&search_layout=grid&type=item&tracking_id=81b3f645-e53c-4053-99d7-37fca7207faa,58.9
Kia Sportage Fq,44799000,2015,145000,Laureles - Medellín,https://carro.mercadolibre.com.co/MCO-1562869175-kia-sportage-fq-2015-automatico-segundo-dueno-4x2-_JM#polycard_client=search-nordic&position=6&search_layout=grid&type=item&tracking_id=81b3f645-e53c-4053-99d7-37fca7207faa,39.8
Renault Koleos 2.5 Dynamique 4x4,41600000,2012,86245,Bello,https://carro.mercadolibre.com.co/MCO-1568172487-renault-koleos-25-dynamique-plus-4x4-_JM#polycard_client=search-nordic&position=14&search_layout=grid&type=item&tracking_id=26ea5e31-1826-4a79-9a44-ca9b5f22afc6,37.1
Nissan Pathfinder 3.5 R52 Exclusive,65000000,2015,109000,Las Palmas - Medellín,https://carro.mercadolibre.com.co/MCO-2865843422-nissan-pathfinder-35-r52-exclusive-_JM#polycard_client=search-nordic&position=38&search_layout=grid&type=item&tracking_id=c5081505-b365-4707-a071-316a6bed355b,30.5
Chevrolet Tracker 1.8 Lt,35000000,2013,69000,Santander - Medellín,https://carro.mercadolibre.com.co/MCO-1571828991-chevrolet-tracker-18-lt-_JM#polycard_client=search-nordic&position=35&search_layout=grid&type=item&tracking_id=26ea5e31-1826-4a79-9a44-ca9b5f22afc6,48.7
Jeep Renegade 1.8 Sport At,65000000,2020,43000,Castropol - Medellín,https://carro.mercadolibre.com.co/MCO-1574849459-jeep-renegade-18-sport-at-_JM#polycard_client=search-nordic&position=31&search_layout=grid&type=item&tracking_id=26ea5e31-1826-4a79-9a44-ca9b5f22afc6,62.1
Suzuki S-cross 1.6 Gl All Grip,50800000,2015,65500,Cristo Rey - Medellín,https://carro.mercadolibre.com.co/MCO-2865647484-suzuki-s-cross-16-gl-all-grip-_JM#polycard_client=search-nordic&position=3&search_layout=grid&type=item&tracking_id=26ea5e31-1826-4a79-9a44-ca9b5f22afc6,46.8
Ford Explorer 3.5 Limited Fl,64999999,2014,105000,El Poblado - Medellín,https://carro.mercadolibre.com.co/MCO-2848912240-ford-explorer-limited-35-2014-_JM#polycard_client=search-nordic&position=18&search_layout=grid&type=item&tracking_id=c5081505-b365-4707-a071-316a6bed355b,26.7
Ford Escape 2.0 Titanium Awd At,63490000,2017,70200,Aguacatala - Medellín,https://carro.mercadolibre.com.co/MCO-2865176576-ford-escape-20-titanium-awd-at-_JM#polycard_client=search-nordic&position=28&search_layout=grid&type=item&tracking_id=c5081505-b365-4707-a071-316a6bed355b,46.0
Jeep Renegade 1.8 Sport,60900000,2019,35807,El Poblado - Medellín,https://carro.mercadolibre.com.co/MCO-1560528851-jeep-renegade-18-sport-_JM#polycard_client=search-nordic&position=47&search_layout=grid&type=item&tracking_id=c5081505-b365-4707-a071-316a6bed355b,61.6
Ford Escape 2.0 Titanium 245 Hp,61000000,2017,73270,San Diego - Medellín,https://carro.mercadolibre.com.co/MCO-2863492222-ford-escape-20-titanium-245-hp-_JM#polycard_client=search-nordic&position=47&search_layout=grid&type=item&tracking_id=81b3f645-e53c-4053-99d7-37fca7207faa,47.3
Chevrolet Tracker 1.8 Ltz Awd At,55000000,2018,88628,Puerto Berrío,https://carro.mercadolibre.com.co/MCO-1576716963-chevrolet-tracker-18-ltz-awd-at-_JM#polycard_client=search-nordic&position=34&search_layout=grid&type=item&tracking_id=be3070fd-7b24-4244-ac88-5d8c262fc847,53.9
Chevrolet Tracker 1.8 Ls Automática,44900000,2017,86600,El Poblado - Medellín,https://carro.mercadolibre.com.co/MCO-1512473251-chevrolet-tracker-18-ls-automatica-_JM#polycard_client=search-nordic&position=23&search_layout=grid&type=item&tracking_id=c5081505-b365-4707-a071-316a6bed355b,56.9
Honda Cr-v 2.4 City Plus,52800000,2013,130000,Laureles - Medellín,https://carro.mercadolibre.com.co/MCO-1570701089-honda-cr-v-24-city-plus-_JM#polycard_client=search-nordic&position=21&search_layout=grid&type=item&tracking_id=9acaad1b-3980-4688-b3df-d393a4b50dde,27.3
Ssangyong Tivoli 1.6 Xlv,61000000,2018,88000,Loma De Las Brujas - Envigado,https://carro.mercadolibre.com.co/MCO-1578749985-ssangyong-tivoli-16-xlv-_JM#polycard_client=search-nordic&position=15&search_layout=grid&type=item&tracking_id=be3070fd-7b24-4244-ac88-5d8c262fc847,49.7
Seat Arona 1.6 Fr,64900000,2020,40004,El Poblado - Medellín,https://carro.mercadolibre.com.co/MCO-2854571378-seat-arona-16-fr-_JM#polycard_client=search-nordic&position=7&search_layout=grid&type=item&tracking_id=c5081505-b365-4707-a071-316a6bed355b,62.6
Volvo Xc60 2.0 T5 Fwd,45900000,2012,159230,Las Palmas - Medellín,https://carro.mercadolibre.com.co/MCO-2865753406-volvo-xc60-20-t5-fwd-_JM#polycard_client=search-nordic&position=45&search_layout=grid&type=item&tracking_id=c5081505-b365-4707-a071-316a6bed355b,23.7
Nissan Qashqai 2.0 Exclusive,64900000,2016,122000,El Poblado - Medellín,https://carro.mercadolibre.com.co/MCO-1566411587-nissan-qashqai-20-exclusive-_JM#polycard_client=search-nordic&position=24&search_layout=grid&type=item&tracking_id=81b3f645-e53c-4053-99d7-37fca7207faa,33.2
Chevrolet Tracker 1.8 Ls Mt,41500000,2016,73800,El Poblado - Medellín,https://carro.mercadolibre.com.co/MCO-1575944561-chevrolet-tracker-ls-mt-2016-_JM#polycard_client=search-nordic&position=41&search_layout=grid&type=item&tracking_id=c5081505-b365-4707-a071-316a6bed355b,56.7
Suzuki Vitara Live 1.6 Gl,61500000,2019,106400,La Cuenca - Envigado,https://carro.mercadolibre.com.co/MCO-2866035252-suzuki-vitara-live-16-gl-_JM#polycard_client=search-nordic&position=12&search_layout=grid&type=item&tracking_id=be3070fd-7b24-4244-ac88-5d8c262fc847,51.2
Chevrolet Tracker 1.8 Lt Automática 4x2,39990000,2017,76000,Loma Del Escobero - Envigado,https://carro.mercadolibre.com.co/MCO-1574229051-chevrolet-tracker-18-lt-automatica-4x2-_JM#polycard_client=search-nordic&position=16&search_layout=grid&type=item&tracking_id=9acaad1b-3980-4688-b3df-d393a4b50dde,61.9
Renault Koleos 2.5 Dynamique 4x2,44990000,2014,59000,La Castellana - Medellín,https://carro.mercadolibre.com.co/MCO-1568254665-renault-koleos-25-dynamique-4x2-_JM#polycard_client=search-nordic&position=20&search_layout=grid&type=item&tracking_id=26ea5e31-1826-4a79-9a44-ca9b5f22afc6,47.4
Dodge Journey 2.4 Sxt Fl,56900000,2015,80700,Área Urbana - Retiro,https://carro.mercadolibre.com.co/MCO-1570867713-dodge-journey-24-sxt-fl-_JM#polycard_client=search-nordic&position=9&search_layout=grid&type=item&tracking_id=81b3f645-e53c-4053-99d7-37fca7207faa,40.3
Ford Edge 3.5 Limited Fl,49800000,2014,103000,El Poblado - Medellín,https://carro.mercadolibre.com.co/MCO-2858757986-ford-edge-35-limited-fl-_JM#polycard_client=search-nordic&position=35&search_layout=grid&type=item&tracking_id=9acaad1b-3980-4688-b3df-d393a4b50dde,37.8
Ssangyong Korando 2.0 C Fi 4x4 Gasolina Automatica,55900000,2019,92000,San Diego - Medellín,https://carro.mercadolibre.com.co/MCO-1557944043-ssangyong-korando-c-_JM#polycard_client=search-nordic&position=44&search_layout=grid&type=item&tracking_id=81b3f645-e53c-4053-99d7-37fca7207faa,57.2
Ssangyong Tivoli 1.6l,49000000,2016,94000,Laureles - Medellín,https://carro.mercadolibre.com.co/MCO-2860307204-ssangyong-tivoli-16l-_JM#polycard_client=search-nordic&position=28&search_layout=grid&type=item&tracking_id=9acaad1b-3980-4688-b3df-d393a4b50dde,48.5
Chevrolet Traverse 3.6l Lt,58000000,2014,92000,Calasanz - Medellín,https://carro.mercadolibre.com.co/MCO-1561323703-chevrolet-traverse-36l-lt-_JM#polycard_client=search-nordic&position=13&search_layout=grid&type=item&tracking_id=81b3f645-e53c-4053-99d7-37fca7207faa,33.5
Chevrolet Tracker 1.8 Ls At,40990000,2016,90011,El Portal - Envigado,https://carro.mercadolibre.com.co/MCO-1539998795-chevrolet-tracker-18-ls-at-_JM#polycard_client=search-nordic&position=41&search_layout=grid&type=item&tracking_id=9acaad1b-3980-4688-b3df-d393a4b50dde,54.8
Peugeot 2008 1.6 Active,60990000,2020,18900,Aguacatala - Medellín,https://carro.mercadolibre.com.co/MCO-1580239947-peugeot-2008-16-active-_JM#polycard_client=search-nordic&position=27&search_layout=grid&type=item&tracking_id=c5081505-b365-4707-a071-316a6bed355b,68.4
Ssangyong Rexton 2.7 W 270 Xdi Luxury Edition,64000000,2013,160000,Robledo - Medellín,https://carro.mercadolibre.com.co/MCO-1576705395-ssangyong-rexton-27-w-270-xdi-luxury-edition-_JM#polycard_client=search-nordic&position=1&search_layout=grid&type=item&tracking_id=be3070fd-7b24-4244-ac88-5d8c262fc847,15.1
Chevrolet Tracker 1.8 Lt Automática 4x2,50500000,2017,77700,Loma Del Barro - Envigado,https://carro.mercadolibre.com.co/MCO-2861021164-chevrolet-tracker-18-lt-automatica-4x2-_JM#polycard_client=search-nordic&position=30&search_layout=grid&type=item&tracking_id=26ea5e31-1826-4a79-9a44-ca9b5f22afc6,54.2
Renault Duster 2.0 Dynamique 4x2,44000000,2015,96000,Cocorná,https://carro.mercadolibre.com.co/MCO-1574680645-renault-duster-20-dynamique-4x2-_JM#polycard_client=search-nordic&position=8&search_layout=grid&type=item&tracking_id=be3070fd-7b24-4244-ac88-5d8c262fc847,47.3
Ford Ecosport 2 2.0 Se,40400000,2015,92000,Aves Maria - Sabaneta,https://carro.mercadolibre.com.co/MCO-2857571032-ford-ecosport-2-20-se-_JM#polycard_client=search-nordic&position=44&search_layout=grid&type=item&tracking_id=9acaad1b-3980-4688-b3df-d393a4b50dde,50.5
Ford Ecosport 2.0 Freestyle 4x4 At,64900000,2020,59000,Laureles - Medellín,https://carro.mercadolibre.com.co/MCO-2864248558-ford-ecosport-20-freestyle-4x4-at-_JM#polycard_client=search-nordic&position=24&search_layout=grid&type=item&tracking_id=9acaad1b-3980-4688-b3df-d393a4b50dde,59.9
Chevrolet Tracker 1.8 Lt At,44500000,2017,91000,Bello,https://carro.mercadolibre.com.co/MCO-2848522784-chevrolet-tracker-18-lt-at-_JM#polycard_client=search-nordic&position=39&search_layout=grid&type=item&tracking_id=26ea5e31-1826-4a79-9a44-ca9b5f22afc6,56.6
Mazda Cx-5 2.0 Mid Fwd,64200000,2015,95000,Laureles - Medellín,https://carro.mercadolibre.com.co/MCO-2862721282-mazda-cx-5-20-mid-fwd-_JM#polycard_client=search-nordic&position=35&search_layout=grid&type=item&tracking_id=81b3f645-e53c-4053-99d7-37fca7207faa,33.1
Chevrolet Tracker 1.8 Premier Awd At,60900000,2019,58058,Aguacatala - Medellín,https://carro.mercadolibre.com.co/MCO-1565816097-chevrolet-tracker-18-premier-awd-at-_JM#polycard_client=search-nordic&position=16&search_layout=grid&type=item&tracking_id=c5081505-b365-4707-a071-316a6bed355b,58.5
Renault Captur 2.0 Bose Automática,64000000,2020,43000,Guayabal - Medellín,https://carro.mercadolibre.com.co/MCO-2865652294-renault-captur-20-bose-automatica-_JM#polycard_client=search-nordic&position=25&search_layout=grid&type=item&tracking_id=26ea5e31-1826-4a79-9a44-ca9b5f22afc6,62.8
Chevrolet Tracker 1.8 Ls At,55500000,2020,29700,El Poblado - Medellín,https://carro.mercadolibre.com.co/MCO-1573160615-chevrolet-tracker-18-ls-at-_JM#polycard_client=search-nordic&position=2&search_layout=grid&type=item&tracking_id=9acaad1b-3980-4688-b3df-d393a4b50dde,70.8
Dodge Journey 2.4 Se Fl,54900000,2018,48600,Suramericana - Medellín,https://carro.mercadolibre.com.co/MCO-1554787061-dodge-journey-24-se-fl-_JM#polycard_client=search-nordic&position=8&search_layout=grid&type=item&tracking_id=9acaad1b-3980-4688-b3df-d393a4b50dde,59.6
Ford Edge 3.5 Limited Fl,52900000,2014,147000,Belén Loma De Los Bernal - Medellín,https://carro.mercadolibre.com.co/MCO-2841820172-ford-edge-35-limited-fl-_JM#polycard_client=search-nordic&position=25&search_layout=grid&type=item&tracking_id=be3070fd-7b24-4244-ac88-5d8c262fc847,29.3
Ford Ecosport 2.0 Titanium At,64900000,2020,34000,Laureles - Medellín,https://carro.mercadolibre.com.co/MCO-2864278126-ford-ecosport-20-titanium-at-_JM#polycard_client=search-nordic&position=46&search_layout=grid&type=item&tracking_id=81b3f645-e53c-4053-99d7-37fca7207faa,63.5
Renault Koleos 2.5 Sportway Bose,51000000,2016,98962,Alcalá - Envigado,https://carro.mercadolibre.com.co/MCO-1562769449-renault-koleos-sportway-4x2-blanca-_JM#polycard_client=search-nordic&position=34&search_layout=grid&type=item&tracking_id=c5081505-b365-4707-a071-316a6bed355b,46.4
Kia New Sportage Lx 2.0l,45000000,2014,99000,Robledo - Medellín,https://carro.mercadolibre.com.co/MCO-1580336837-kia-sportage-lx-2014-excelente-estado-unico-dueno-full-equ-_JM#polycard_client=search-nordic&position=6&search_layout=grid&type=item&tracking_id=26ea5e31-1826-4a79-9a44-ca9b5f22afc6,41.8
Chevrolet Tracker 1.8 Premier Awd At,63700000,2021,28270,Florida - Medellín,https://carro.mercadolibre.com.co/MCO-2861068396-chevrolet-tracker-18-premier-awd-at-_JM#polycard_client=search-nordic&position=36&search_layout=grid&type=item&tracking_id=81b3f645-e53c-4053-99d7-37fca7207faa,69.6
Chevrolet Tracker 1.8 Ltz Awd At,52000000,2017,106000,Belén Las Playas - Medellín,https://carro.mercadolibre.com.co/MCO-1577022831-chevrolet-tracker-18-ltz-awd-at-_JM#polycard_client=search-nordic&position=20&search_layout=grid&type=item&tracking_id=c5081505-b365-4707-a071-316a6bed355b,49.1
Ford Escape 2.0 Se 4x4,46600000,2013,101000,Área Urbana - Retiro,https://carro.mercadolibre.com.co/MCO-1568098209-ford-escape-20-se-4x4-_JM#polycard_client=search-nordic&position=6&search_layout=grid&type=item&tracking_id=be3070fd-7b24-4244-ac88-5d8c262fc847,35.9
Honda Wr-v 1.5 Lx,60700000,2018,31000,Laureles - Medellín,https://carro.mercadolibre.com.co/MCO-1568668389-honda-wr-v-15-lx-_JM#polycard_client=search-nordic&position=5&search_layout=grid&type=item&tracking_id=be3070fd-7b24-4244-ac88-5d8c262fc847,58.0
Dodge Journey 2.4 Se/express Fl,45000000,2018,74000,Guayabal - Medellín,https://carro.mercadolibre.com.co/MCO-1573741959-dodge-journey-24-seexpress-fl-_JM#polycard_client=search-nordic&position=17&search_layout=grid&type=item&tracking_id=c5081505-b365-4707-a071-316a6bed355b,63.1
Chevrolet Captiva 2.4 Sport 169 Hp,39900000,2016,66500,El Poblado - Medellín,https://carro.mercadolibre.com.co/MCO-2861849204-chevrolet-captiva-24-sport-169-hp-_JM#polycard_client=search-nordic&position=26&search_layout=grid&type=item&tracking_id=9acaad1b-3980-4688-b3df-d393a4b50dde,58.9
Kia Sportage 2.4 Revolution 4x4 At,64000000,2013,119000,La Doctora - Sabaneta,https://carro.mercadolibre.com.co/MCO-2854622462-kia-sportage-24-revolution-4x4-at-_JM#polycard_client=search-nordic&position=7&search_layout=grid&type=item&tracking_id=be3070fd-7b24-4244-ac88-5d8c262fc847,20.9
Dodge Journey 2.4 Se 7a At,39900000,2014,135000,Rionegro,https://carro.mercadolibre.com.co/MCO-2851822192-dodge-journey-24-se-7a-at-_JM#polycard_client=search-nordic&position=14&search_layout=grid&type=item&tracking_id=be3070fd-7b24-4244-ac88-5d8c262fc847,40.3
Hyundai Tucson Ix-35 2.4l,53900000,2014,103000,El Poblado - Medellín,https://carro.mercadolibre.com.co/MCO-1576444983-hyundai-tucson-ix-35-24l-4x4-automatica-2014-excelente-_JM#polycard_client=search-nordic&position=16&search_layout=grid&type=item&tracking_id=81b3f645-e53c-4053-99d7-37fca7207faa,34.8
Ford Escape 2.0 Se 4x4,46900000,2014,90000,Ancon Sur - Sabaneta,https://carro.mercadolibre.com.co/MCO-1572559429-ford-escape-20-se-4x4-_JM#polycard_client=search-nordic&position=17&search_layout=grid&type=item&tracking_id=81b3f645-e53c-4053-99d7-37fca7207faa,41.7
Ford Escape 2.0 Se 4x4 At,46900000,2014,110000,El Poblado - Medellín,https://carro.mercadolibre.com.co/MCO-1572934387-automatica-cojineria-de-cuero-soat-y-tm-hasta-032026-_JM#polycard_client=search-nordic&position=36&search_layout=grid&type=item&tracking_id=9acaad1b-3980-4688-b3df-d393a4b50dde,38.8
Kia Sorento Xm Natura,53899000,2013,142000,Laureles - Medellín,https://carro.mercadolibre.com.co/MCO-2852523856-kia-sorento-xm-natura-2013-automatico-4x4-7-puestos-_JM#polycard_client=search-nordic&position=2&search_layout=grid&type=item&tracking_id=81b3f645-e53c-4053-99d7-37fca7207faa,24.9
Chevrolet Tracker 1.8 Ltz Awd At 4x4,58900000,2018,45000,Laureles - Medellín,https://carro.mercadolibre.com.co/MCO-1566282721-chevrolet-tracker-ltz-awd-at-4x4-_JM#polycard_client=search-nordic&position=5&search_layout=grid&type=item&tracking_id=81b3f645-e53c-4053-99d7-37fca7207faa,57.3
Kia Sportage 2.0 Revolution Diésel 4x4,57900000,2012,151000,La Estrella,https://carro.mercadolibre.com.co/MCO-2860601964-kia-sportage-20-revolution-diesel-4x4-_JM#polycard_client=search-nordic&position=12&search_layout=grid&type=item&tracking_id=26ea5e31-1826-4a79-9a44-ca9b5f22afc6,16.3
Renault Duster Tripadvisor 4x2 2.0,55000000,2018,54000,Patio Bonito - Medellín,https://carro.mercadolibre.com.co/MCO-1574101749-renault-duster-tripadvisor-4x2-20-automatico-2018-_JM#polycard_client=search-nordic&position=16&search_layout=grid&type=item&tracking_id=26ea5e31-1826-4a79-9a44-ca9b5f22afc6,58.8
Chevrolet Tracker 1.8 Lt At,50900000,2019,76000,Mayorca - Sabaneta,https://carro.mercadolibre.com.co/MCO-1557971407-chevrolet-tracker-18-lt-at-_JM#polycard_client=search-nordic&position=34&search_layout=grid&type=item&tracking_id=81b3f645-e53c-4053-99d7-37fca7207faa,63.0
Volkswagen Tiguan 2.0 Sport & Style,45500000,2012,101000,El Poblado - Medellín,https://carro.mercadolibre.com.co/MCO-1566933443-volkswagen-tiguan-20-sport-style-_JM#polycard_client=search-nordic&position=47&search_layout=grid&type=item&tracking_id=9acaad1b-3980-4688-b3df-d393a4b50dde,32.2
Ford Escape 2.0 Se 4x2,42900000,2014,114000,El Poblado - Medellín,https://carro.mercadolibre.com.co/MCO-2803032496-ford-escape-20-se-4x2-_JM#polycard_client=search-nordic&position=9&search_layout=grid&type=item&tracking_id=9acaad1b-3980-4688-b3df-d393a4b50dde,41.1
Volkswagen Tiguan 2.0 Trend & Fun,43500000,2012,124000,Belén - Medellín,https://carro.mercadolibre.com.co/MCO-2862517284-volkswagen-tiguan-20-trend-fun-_JM#polycard_client=search-nordic&position=37&search_layout=grid&type=item&tracking_id=be3070fd-7b24-4244-ac88-5d8c262fc847,30.4
Renault Captur 2.0 Intens Automática,54900000,2017,117000,San Diego - Medellín,https://carro.mercadolibre.com.co/MCO-1572075097-renault-captur-20-intens-automatica-_JM#polycard_client=search-nordic&position=37&search_layout=grid&type=item&tracking_id=9acaad1b-3980-4688-b3df-d393a4b50dde,45.5
Dodge Journey 2.4 Sxt Fl,54900000,2015,58000,El Poblado - Medellín,https://carro.mercadolibre.com.co/MCO-2853183698-dodge-journey-24-sxt-fl-2015-_JM#polycard_client=search-nordic&position=37&search_layout=grid&type=item&tracking_id=c5081505-b365-4707-a071-316a6bed355b,45.0
Changan Cs15 1.5 Luxury,55000000,2021,50000,Florencia - Medellín,https://carro.mercadolibre.com.co/MCO-1541992405-changan-cs15-15-luxury-_JM#polycard_client=search-nordic&position=15&search_layout=grid&type=item&tracking_id=c5081505-b365-4707-a071-316a6bed355b,72.7
Ford Escape 2.0 Se 4x4,49700000,2015,123000,Ancon Sur - Sabaneta,https://carro.mercadolibre.com.co/MCO-2841424148-ford-escape-20-se-4x4-modelo-2015-_JM#polycard_client=search-nordic&position=33&search_layout=grid&type=item&tracking_id=81b3f645-e53c-4053-99d7-37fca7207faa,39.4
Kia Sportage 2.0 Revolution Diésel 4x2,62800000,2013,130572,Rionegro,https://carro.mercadolibre.com.co/MCO-1565042339-kia-sportage-20-revolution-diesel-4x2-_JM#polycard_client=search-nordic&position=30&search_layout=grid&type=item&tracking_id=c5081505-b365-4707-a071-316a6bed355b,20.1
Renault Koleos 2.5 Dynamique,39999900,2013,75000,Loma Del Escobero - Envigado,https://carro.mercadolibre.com.co/MCO-1579254581-renault-koleos-25-dynamique-_JM#polycard_client=search-nordic&position=27&search_layout=grid&type=item&tracking_id=81b3f645-e53c-4053-99d7-37fca7207faa,44.3
Renault Koleos 2.5 Dynamique 4x2,39500000,2013,230000,El Poblado - Medellín,https://carro.mercadolibre.com.co/MCO-2751918940-renault-koleos-25-dynamique-4x2-_JM#polycard_client=search-nordic&position=12&search_layout=grid&type=item&tracking_id=9acaad1b-3980-4688-b3df-d393a4b50dde,22.6
Chevrolet Captiva 2.4 Sport,32900000,2014,56600,El Poblado - Medellín,https://carro.mercadolibre.com.co/MCO-1561203947-chevrolet-captiva-24-sport-_JM#polycard_client=search-nordic&position=19&search_layout=grid&type=item&tracking_id=9acaad1b-3980-4688-b3df-d393a4b50dde,56.4
Chevrolet Tracker 1.8 Ltz,54899000,2017,107000,Laureles - Medellín,https://carro.mercadolibre.com.co/MCO-1567292265-chevrolet-tracker-ltz-2017-segundo-dueno-automatico-4x4-_JM#polycard_client=search-nordic&position=4&search_layout=grid&type=item&tracking_id=81b3f645-e53c-4053-99d7-37fca7207faa,46.9
Chevrolet Tracker 1.8 Ls,32800000,2013,104000,Las Vegas - Envigado,https://carro.mercadolibre.com.co/MCO-2865496976-chevrolet-tracker-18-ls-_JM#polycard_client=search-nordic&position=23&search_layout=grid&type=item&tracking_id=9acaad1b-3980-4688-b3df-d393a4b50dde,45.3
Hyundai Tucson Ix-35 2.0l 164 Hp 4x2,55000000,2014,98000,Señorial - Envigado,https://carro.mercadolibre.com.co/MCO-1572049279-hyundai-tucson-ix-35-20l-164-hp-4x2-_JM#polycard_client=search-nordic&position=13&search_layout=grid&type=item&tracking_id=be3070fd-7b24-4244-ac88-5d8c262fc847,34.8
Ford Ecosport 2.0 Freestyle 4x4 At,58900000,2020,90000,Centro - Envigado,https://carro.mercadolibre.com.co/MCO-1575104561-ford-ecosport-freestyle-4x4-20-_JM#polycard_client=search-nordic&position=41&search_layout=grid&type=item&tracking_id=26ea5e31-1826-4a79-9a44-ca9b5f22afc6,59.8
Renault Duster 2.0 Dynamique 4x4 At,64000000,2019,150000,Itaguí,https://carro.mercadolibre.com.co/MCO-2848916896-renault-duster-20-dynamique-4x4-at-_JM#polycard_client=search-nordic&position=33&search_layout=grid&type=item&tracking_id=be3070fd-7b24-4244-ac88-5d8c262fc847,43.2
Kia Sportage 2.0 Revolution 158 Hp,62900000,2016,107000,Belén La Palma - Medellín,https://carro.mercadolibre.com.co/MCO-2796461974-kia-sportage-20-revolution-158-hp-_JM#polycard_client=search-nordic&position=10&search_layout=grid&type=item&tracking_id=9acaad1b-3980-4688-b3df-d393a4b50dde,36.8
Ford Escape 2.0 Se 4x2,42900000,2013,86000,El Carmelo - Sabaneta,https://carro.mercadolibre.com.co/MCO-1565001549-ford-escape-20-se-4x2-_JM#polycard_client=search-nordic&position=14&search_layout=grid&type=item&tracking_id=c5081505-b365-4707-a071-316a6bed355b,40.7
Renault Koleos 2.5 Dynamique,38900000,2013,179000,San Diego - Medellín,https://carro.mercadolibre.com.co/MCO-2865212438-renault-koleos-25-dynamique-_JM#polycard_client=search-nordic&position=33&search_layout=grid&type=item&tracking_id=9acaad1b-3980-4688-b3df-d393a4b50dde,30.3
Mazda Cx-5 2.5 Grand Touring 4x4,65000000,2016,57600,El Poblado - Medellín,https://carro.mercadolibre.com.co/MCO-1580428657-mazda-cx-5-25-grand-touring-4x4-_JM#polycard_client=search-nordic&position=39&search_layout=grid&type=item&tracking_id=9acaad1b-3980-4688-b3df-d393a4b50dde,42.3
Honda Cr-v 2.4 City Plus,47900000,2013,169000,El Poblado - Medellín,https://carro.mercadolibre.com.co/MCO-2863405906-honda-cr-v-24-city-plus-_JM#polycard_client=search-nordic&position=39&search_layout=grid&type=item&tracking_id=81b3f645-e53c-4053-99d7-37fca7207faa,25.3
Suzuki Grand Vitara 2.4 Sz Glx Sport 4x4,62000000,2018,177000,El Dorado - Envigado,https://carro.mercadolibre.com.co/MCO-1573715041-suzuki-grand-vitara-24-sz-glx-sport-4x4-_JM#polycard_client=search-nordic&position=3&search_layout=grid&type=item&tracking_id=be3070fd-7b24-4244-ac88-5d8c262fc847,36.3
Ford Escape 2.0 Se 4x4,57000000,2015,126758,Copacabana,https://carro.mercadolibre.com.co/MCO-2862053144-ford-escape-20-se-4x4-_JM#polycard_client=search-nordic&position=29&search_layout=grid&type=item&tracking_id=26ea5e31-1826-4a79-9a44-ca9b5f22afc6,33.7
Suzuki Ertiga 1.4 Mpv,41900000,2016,148000,Barrio Colombia - Medellín,https://carro.mercadolibre.com.co/MCO-2835173724-suzuki-ertiga-14-mpv-_JM#polycard_client=search-nordic&position=15&search_layout=grid&type=item&tracking_id=81b3f645-e53c-4053-99d7-37fca7207faa,45.9
Renault Captur 2.0 Intens Automática,55000000,2018,110000,Los Balsos - Medellín,https://carro.mercadolibre.com.co/MCO-1575003141-renault-captur-20-intens-automatica-_JM#polycard_client=search-nordic&position=26&search_layout=grid&type=item&tracking_id=26ea5e31-1826-4a79-9a44-ca9b5f22afc6,50.8
Nissan X-trail 2.5 X Ltd,47000000,2013,132000,Laureles - Medellín,https://carro.mercadolibre.com.co/MCO-1564253969-nissan-x-trail-25-x-ltd-_JM#polycard_client=search-nordic&position=18&search_layout=grid&type=item&tracking_id=9acaad1b-3980-4688-b3df-d393a4b50dde,31.2
Volkswagen Tiguan 2.0 Trend &fun Tsi,44000000,2012,160000,Pan De Azucar - Sabaneta,https://carro.mercadolibre.com.co/MCO-1577354915-volkswagen-tiguan-20-trend-fun-tci-2012-_JM#polycard_client=search-nordic&position=4&search_layout=grid&type=item&tracking_id=c5081505-b365-4707-a071-316a6bed355b,24.9
Chevrolet Tracker 1.8 Ltz Awd At,58000000,2018,68000,El Poblado - Medellín,https://carro.mercadolibre.com.co/MCO-1557542303-chevrolet-tracker-18-ltz-awd-at-_JM#polycard_client=search-nordic&position=31&search_layout=grid&type=item&tracking_id=9acaad1b-3980-4688-b3df-d393a4b50dde,54.7
Renault Captur 2.0 Intens At,55900000,2017,57000,Belén Loma De Los Bernal - Medellín,https://carro.mercadolibre.com.co/MCO-1550663945-renault-captur-20-intens-at-_JM#polycard_client=search-nordic&position=24&search_layout=grid&type=item&tracking_id=c5081505-b365-4707-a071-316a6bed355b,53.3
Dodge Journey 2.4 Se/express Fl,34900000,2012,121000,El Poblado - Medellín,https://carro.mercadolibre.com.co/MCO-2834155920-dodge-journey-24-seexpress-fl-_JM#polycard_client=search-nordic&position=7&search_layout=grid&type=item&tracking_id=9acaad1b-3980-4688-b3df-d393a4b50dde,36.9
Renault Koleos 2.5 Dynamique Bose,50900000,2016,98862,El Poblado - Medellín,https://carro.mercadolibre.com.co/MCO-2845217358-renault-koleos-25-dynamique-bose-_JM#polycard_client=search-nordic&position=30&search_layout=grid&type=item&tracking_id=9acaad1b-3980-4688-b3df-d393a4b50dde,46.5
Chevrolet Tracker 1.8 Ltz Awd At,58000000,2018,46400,El Salvador - Medellín,https://carro.mercadolibre.com.co/MCO-2865230988-chevrolet-tracker-18-ltz-awd-at-_JM#polycard_client=search-nordic&position=36&search_layout=grid&type=item&tracking_id=26ea5e31-1826-4a79-9a44-ca9b5f22afc6,57.7
Chevrolet Captiva 2.4 Sport,26000000,2012,96100,Bello,https://carro.mercadolibre.com.co/MCO-1577961925-chevrolet-captiva-24-sport-_JM#polycard_client=search-nordic&position=48&search_layout=grid&type=item&tracking_id=26ea5e31-1826-4a79-9a44-ca9b5f22afc6,46.8
Renault Duster 2.0 Dynamique 4x2,44000000,2015,146000,Alfonso López - Medellín,https://carro.mercadolibre.com.co/MCO-1575886019-renault-duster-20-dynamique-4x2-_JM#polycard_client=search-nordic&position=22&search_layout=grid&type=item&tracking_id=26ea5e31-1826-4a79-9a44-ca9b5f22afc6,40.2
Nissan Qashqai 2.0l 4wd +2 4x4,52000000,2013,97000,Villagrande - Envigado,https://carro.mercadolibre.com.co/MCO-1573129899-nissan-qashqai-20l-4wd-2-4x4-_JM#polycard_client=search-nordic&position=46&search_layout=grid&type=item&tracking_id=26ea5e31-1826-4a79-9a44-ca9b5f22afc6,32.6
Dodge Journey 2.4 Se Fl,39900000,2014,108800,El Poblado - Medellín,https://carro.mercadolibre.com.co/MCO-2842045568-dodge-journey-24-se-fl-_JM#polycard_client=search-nordic&position=43&search_layout=grid&type=item&tracking_id=81b3f645-e53c-4053-99d7-37fca7207faa,44.0
Renault Koleos 2.5 Dynamique 4x4,37900000,2012,131000,El Poblado - Medellín,https://carro.mercadolibre.com.co/MCO-2865242708-renault-koleos-25-dynamique-4x4-_JM#polycard_client=search-nordic&position=12&search_layout=grid&type=item&tracking_id=81b3f645-e53c-4053-99d7-37fca7207faa,33.4
Ford Ecosport 2.0 Freestyle 4x2,41900000,2015,83300,El Poblado - Medellín,https://carro.mercadolibre.com.co/MCO-2859501782-ford-ecosport-20-freestyle-4x2-_JM#polycard_client=search-nordic&position=6&search_layout=grid&type=item&tracking_id=c5081505-b365-4707-a071-316a6bed355b,50.6
Renault Captur 2.0 Intens Automática,60000000,2017,67904,La América - Medellín,https://carro.mercadolibre.com.co/MCO-1572590795-renault-captur-20-intens-automatica-_JM#polycard_client=search-nordic&position=31&search_layout=grid&type=item&tracking_id=be3070fd-7b24-4244-ac88-5d8c262fc847,48.8
Chevrolet Captiva 3.0 Sport,39900000,2016,96100,El Poblado - Medellín,https://carro.mercadolibre.com.co/MCO-2865935844-chevrolet-captiva-sport-_JM#polycard_client=search-nordic&position=8&search_layout=grid&type=item&tracking_id=26ea5e31-1826-4a79-9a44-ca9b5f22afc6,54.7
Nissan Pathfinder 3.5 R52 Sense,64900000,2015,81000,Barrio Colombia - Medellín,https://carro.mercadolibre.com.co/MCO-2806114298-nissan-pathfinder-sense-35-awd-2015-_JM#polycard_client=search-nordic&position=44&search_layout=grid&type=item&tracking_id=c5081505-b365-4707-a071-316a6bed355b,34.6
Chevrolet Captiva 2.4 Sport 182 Hp,22900000,2012,138357,El Poblado - Medellín,https://carro.mercadolibre.com.co/MCO-1551416669-chevrolet-captiva-24-sport-182-hp-_JM#polycard_client=search-nordic&position=41&search_layout=grid&type=item&tracking_id=be3070fd-7b24-4244-ac88-5d8c262fc847,43.0
Honda Wr-v 1.5 Lx,62900000,2019,72000,Ancon Sur - Sabaneta,https://carro.mercadolibre.com.co/MCO-2853928404-honda-wr-v-15-lx-modelo-2019-_JM#polycard_client=search-nordic&position=17&search_layout=grid&type=item&tracking_id=9acaad1b-3980-4688-b3df-d393a4b50dde,55.1
Chevrolet Tracker 1.8 Ltz Awd At,58000000,2020,68000,Castilla - Medellín,https://carro.mercadolibre.com.co/MCO-1580450165-chevrolet-tracker-18-ltz-awd-at-_JM#polycard_client=search-nordic&position=43&search_layout=grid&type=item&tracking_id=26ea5e31-1826-4a79-9a44-ca9b5f22afc6,63.6
Chevrolet Captiva 2.4 Sport,34900000,2015,89000,Belén Loma De Los Bernal - Medellín,https://carro.mercadolibre.com.co/MCO-2861130118-chevrolet-captiva-24-sport-_JM#polycard_client=search-nordic&position=26&search_layout=grid&type=item&tracking_id=be3070fd-7b24-4244-ac88-5d8c262fc847,54.8
Ford Escape 2.0 Se 4x4,46900000,2014,120000,Barrio Colombia - Medellín,https://carro.mercadolibre.com.co/MCO-2841087452-ford-escape-20-se-4x4-_JM#polycard_client=search-nordic&position=5&search_layout=grid&type=item&tracking_id=9acaad1b-3980-4688-b3df-d393a4b50dde,37.4
Hyundai Santa Fe 2.4 Gls+,61500000,2013,154600,El Poblado - Medellín,https://carro.mercadolibre.com.co/MCO-1577320471-hyundai-santa-fe-24-gls-_JM#polycard_client=search-nordic&position=39&search_layout=grid&type=item&tracking_id=c5081505-b365-4707-a071-316a6bed355b,17.7
Ford Escape 2.0 Se 4x2,38000000,2015,105508,Andalucía - Medellín,https://carro.mercadolibre.com.co/MCO-1569564977-ford-escape-20-se-4x2-_JM#polycard_client=search-nordic&position=35&search_layout=grid&type=item&tracking_id=be3070fd-7b24-4244-ac88-5d8c262fc847,50.3
Nissan Pathfinder 3.5 R52 Exclusive,64000000,2015,105000,El Poblado - Medellín,https://carro.mercadolibre.com.co/MCO-1532388533-nissan-pathfinder-35-exclusive-_JM#polycard_client=search-nordic&position=22&search_layout=grid&type=item&tracking_id=9acaad1b-3980-4688-b3df-d393a4b50dde,31.8
Chevrolet Captiva 2.4 Sport,32000000,2016,82100,El Poblado - Medellín,https://carro.mercadolibre.com.co/MCO-1574276749-chevrolet-captiva-24-sport-2016-_JM#polycard_client=search-nordic&position=35&search_layout=grid&type=item&tracking_id=c5081505-b365-4707-a071-316a6bed355b,62.3
Ford Ecosport 2.0 Titanium At,44000000,2014,102000,El Poblado - Medellín,https://carro.mercadolibre.com.co/MCO-2838158880-ford-ecosport-20-titanium-at-_JM#polycard_client=search-nordic&position=48&search_layout=grid&type=item&tracking_id=c5081505-b365-4707-a071-316a6bed355b,42.0
Ford Ecosport 2.0 Freestyle 4x4 At,57900000,2019,107000,El Poblado - Medellín,https://carro.mercadolibre.com.co/MCO-2861746116-ford-ecosport-20-freestyle-4x4-at-_JM#polycard_client=search-nordic&position=48&search_layout=grid&type=item&tracking_id=81b3f645-e53c-4053-99d7-37fca7207faa,53.7
Chevrolet Tracker 1.8 Ls At,42900000,2016,95500,San Diego - Medellín,https://carro.mercadolibre.com.co/MCO-2848913434-chevrolet-tracker-18-ls-at-_JM#polycard_client=search-nordic&position=3&search_layout=grid&type=item&tracking_id=9acaad1b-3980-4688-b3df-d393a4b50dde,52.6
Nissan Kicks 1.6 Advance At,60800000,2017,94796,Bello,https://carro.mercadolibre.com.co/MCO-2858679726-nissan-kicks-2017-_JM#polycard_client=search-nordic&position=21&search_layout=grid&type=item&tracking_id=26ea5e31-1826-4a79-9a44-ca9b5f22afc6,44.4
Ford Escape 2.0 Titanium 245 Hp,63000000,2017,86000,Jardines - Envigado,https://carro.mercadolibre.com.co/MCO-1577002763-ford-escape-20-titanium-245-hp-_JM#polycard_client=search-nordic&position=10&search_layout=grid&type=item&tracking_id=26ea5e31-1826-4a79-9a44-ca9b5f22afc6,44.1
Renault Koleos 2 2.5 Dynamique,34900000,2014,111000,Belén Granada - Medellín,https://carro.mercadolibre.com.co/MCO-2864197682-renault-koleos-2-25-dynamique-_JM#polycard_client=search-nordic&position=29&search_layout=grid&type=item&tracking_id=be3070fd-7b24-4244-ac88-5d8c262fc847,47.2
Chevrolet Tracker 1.8 Lt Automática 4x2,47600000,2017,74068,Rionegro,https://carro.mercadolibre.com.co/MCO-2855514234-chevrolet-tracker-18-lt-automatica-4x2-_JM#polycard_client=search-nordic&position=31&search_layout=grid&type=item&tracking_id=c5081505-b365-4707-a071-316a6bed355b,56.8
Chevrolet Trailblazer 2.8 Lt,45000000,2014,164000,Perpetuo Socorro - Medellín,https://carro.mercadolibre.com.co/MCO-1568079763-chevrolet-trailblazer-28-lt-_JM#polycard_client=search-nordic&position=16&search_layout=grid&type=item&tracking_id=be3070fd-7b24-4244-ac88-5d8c262fc847,32.5
Suzuki Grand Vitara 2.4 Sz Glx Sport,43500000,2012,116000,Loma Del Escobero - Envigado,https://carro.mercadolibre.com.co/MCO-1579673283-suzuki-grand-vitara-24-sz-glx-sport-_JM#polycard_client=search-nordic&position=42&search_layout=grid&type=item&tracking_id=9acaad1b-3980-4688-b3df-d393a4b50dde,31.5
Renault Duster 2.0 Dynamique 4x2 At,59900000,2020,78496,El Poblado - Medellín,https://carro.mercadolibre.com.co/MCO-2853891698-renault-duster-20-dynamique-4x2-at-_JM#polycard_client=search-nordic&position=46&search_layout=grid&type=item&tracking_id=9acaad1b-3980-4688-b3df-d393a4b50dde,60.7
Renault Captur 2.0 Intens Automática,58900000,2019,80000,El Poblado - Medellín,https://carro.mercadolibre.com.co/MCO-1564760881-renault-captur-20-intens-automatica-_JM#polycard_client=search-nordic&position=32&search_layout=grid&type=item&tracking_id=81b3f645-e53c-4053-99d7-37fca7207faa,56.8
Kia Sportage 2.4 Revolution At 4x4 2013,63000000,2013,98450,La Frontera - Medellín,https://carro.mercadolibre.com.co/MCO-1552428965-kia-sportage-24-revolution-at-4x4-2013-_JM#polycard_client=search-nordic&position=40&search_layout=grid&type=item&tracking_id=be3070fd-7b24-4244-ac88-5d8c262fc847,24.6
Renault Duster 2.0 Dynamique 4x2,39800000,2014,135900,Villas Del Carmen - Sabaneta,https://carro.mercadolibre.com.co/MCO-2849943662-renault-duster-20-dynamique-4x2-_JM#polycard_client=search-nordic&position=10&search_layout=grid&type=item&tracking_id=81b3f645-e53c-4053-99d7-37fca7207faa,40.2
Suzuki Grand Vitara 2.4 Sz Glx Sport 4x2,61000000,2017,82000,La América - Medellín,https://carro.mercadolibre.com.co/MCO-2857721110-suzuki-grand-vitara-24-sz-glx-sport-4x2-_JM#polycard_client=search-nordic&position=39&search_layout=grid&type=item&tracking_id=be3070fd-7b24-4244-ac88-5d8c262fc847,46.1
Renault Captur 2.0 Intens At,54800000,2018,70000,El Poblado - Medellín,https://carro.mercadolibre.com.co/MCO-1568661991-renault-captur-20-intens-at-_JM#polycard_client=search-nordic&position=23&search_layout=grid&type=item&tracking_id=81b3f645-e53c-4053-99d7-37fca7207faa,56.7
Volkswagen Crossfox 1.6l,51900000,2018,61500,Los Colores - Medellín,https://carro.mercadolibre.com.co/MCO-2865740796-volkswagen-crossfox-16l-_JM#polycard_client=search-nordic&position=2&search_layout=grid&type=item&tracking_id=26ea5e31-1826-4a79-9a44-ca9b5f22afc6,59.9
Renault Duster 2.0 Dynamique 4x2,63000000,2019,29000,Candelaria - Medellín,https://carro.mercadolibre.com.co/MCO-1577986921-renault-duster-20-dynamique-4x2-_JM#polycard_client=search-nordic&position=19&search_layout=grid&type=item&tracking_id=c5081505-b365-4707-a071-316a6bed355b,61.1
Kia Sportage 2.0 Revolution Diésel,62900000,2014,160000,El Poblado - Medellín,https://carro.mercadolibre.com.co/MCO-2863553260-kia-sportage-20-revolution-diesel-_JM#polycard_client=search-nordic&position=13&search_layout=grid&type=item&tracking_id=9acaad1b-3980-4688-b3df-d393a4b50dde,20.3
Dodge Journey 2.4 Se Fl,43900000,2016,62000,Ancon Sur - Sabaneta,https://carro.mercadolibre.com.co/MCO-1569628435-dodge-journey-24-se-fl-_JM#polycard_client=search-nordic&position=25&search_layout=grid&type=item&tracking_id=c5081505-b365-4707-a071-316a6bed355b,56.7
Suzuki Grand Vitara 2.4 Sz Glx Sport,41900000,2013,141000,El Poblado - Medellín,https://carro.mercadolibre.com.co/MCO-1580800943-suzuki-grand-vitara-24-sz-glx-sport-_JM#polycard_client=search-nordic&position=48&search_layout=grid&type=item&tracking_id=9acaad1b-3980-4688-b3df-d393a4b50dde,33.6
Chevrolet Tracker 1.8 Lt At,39900000,2016,91000,Rionegro,https://carro.mercadolibre.com.co/MCO-1578704303-chevrolet-tracker-18-lt-at-_JM#polycard_client=search-nordic&position=34&search_layout=grid&type=item&tracking_id=26ea5e31-1826-4a79-9a44-ca9b5f22afc6,55.4
Chevrolet Tracker 1.8 Lt At,47900000,2018,67000,Belén - Medellín,https://carro.mercadolibre.com.co/MCO-1578066723-chevrolet-tracker-18-lt-at-_JM#polycard_client=search-nordic&position=28&search_layout=grid&type=item&tracking_id=be3070fd-7b24-4244-ac88-5d8c262fc847,62.0
Ford Escape 2.0 Se 4x2,49900000,2014,70000,Barrio Colombia - Medellín,https://carro.mercadolibre.com.co/MCO-2816369486-ford-escape-20-se-4x2-_JM#polycard_client=search-nordic&position=20&search_layout=grid&type=item&tracking_id=81b3f645-e53c-4053-99d7-37fca7207faa,42.4
Ford Explorer 3.5 Limited,58900000,2013,132000,Laureles - Medellín,https://carro.mercadolibre.com.co/MCO-1540536181-ford-explorer-35-limited-_JM#polycard_client=search-nordic&position=29&search_layout=grid&type=item&tracking_id=c5081505-b365-4707-a071-316a6bed355b,22.7
Chevrolet Tracker 1.8 Ls At,37900000,2016,135000,El Poblado - Medellín,https://carro.mercadolibre.com.co/MCO-1576568703-chevrolet-tracker-18-ls-at-_JM#polycard_client=search-nordic&position=27&search_layout=grid&type=item&tracking_id=9acaad1b-3980-4688-b3df-d393a4b50dde,50.6
Chevrolet Tracker 1.8 Ls,35500000,2013,80900,Aguacatala - Medellín,https://carro.mercadolibre.com.co/MCO-1568146965-chevrolet-tracker-18-ls-_JM#polycard_client=search-nordic&position=5&search_layout=grid&type=item&tracking_id=26ea5e31-1826-4a79-9a44-ca9b5f22afc6,46.7
Chevrolet Captiva 2.4 Sport,32000000,2015,80000,Manrique Central 2 - Medellín,https://carro.mercadolibre.com.co/MCO-2853239784-chevrolet-captiva-24-sport-_JM#polycard_client=search-nordic&position=4&search_layout=grid&type=item&tracking_id=be3070fd-7b24-4244-ac88-5d8c262fc847,58.2
Subaru Tribeca 3.6l Awd,57900000,2013,118000,El Poblado - Medellín,https://carro.mercadolibre.com.co/MCO-1579193635-subaru-tribeca-36l-awd-_JM#polycard_client=search-nordic&position=34&search_layout=grid&type=item&tracking_id=9acaad1b-3980-4688-b3df-d393a4b50dde,25.4
Chevrolet Captiva 2.4 Sport 182 Hp,32500000,2014,78552,Las Palmas - Medellín,https://carro.mercadolibre.com.co/MCO-1573830731-chevrolet-captiva-24-sport-182-hp-_JM#polycard_client=search-nordic&position=22&search_layout=grid&type=item&tracking_id=c5081505-b365-4707-a071-316a6bed355b,53.6
Dodge Journey 2.4 Se Fl,49900000,2018,79000,El Poblado - Medellín,https://carro.mercadolibre.com.co/MCO-2824084834-dodge-journey-24-se-fl-_JM#polycard_client=search-nordic&position=38&search_layout=grid&type=item&tracking_id=81b3f645-e53c-4053-99d7-37fca7207faa,58.9
Ford Escape 2.0 Se 245 Hp 4x2,51900000,2017,83000,El Poblado - Medellín,https://carro.mercadolibre.com.co/MCO-2845941188-ford-escape-20-se-245-hp-4x2-_JM#polycard_client=search-nordic&position=31&search_layout=grid&type=item&tracking_id=81b3f645-e53c-4053-99d7-37fca7207faa,52.4
Kia Sportage 2.4 Revolution 4x4 At,62900000,2013,115200,Las Palmas - Medellín,https://carro.mercadolibre.com.co/MCO-2865763968-kia-sportage-24-revolution-4x4-at-_JM#polycard_client=search-nordic&position=50&search_layout=grid&type=item&tracking_id=c5081505-b365-4707-a071-316a6bed355b,22.3
Dodge Journey 2.4 Se Fl,35000000,2012,124000,Guayabal - Medellín,https://carro.mercadolibre.com.co/MCO-2858710586-dodge-journey-24-se-fl-_JM#polycard_client=search-nordic&position=44&search_layout=grid&type=item&tracking_id=26ea5e31-1826-4a79-9a44-ca9b5f22afc6,36.4
Renault Koleos 2.5 Dynamique Bose,40500000,2013,150000,Belén - Medellín,https://carro.mercadolibre.com.co/MCO-2854342222-renault-koleos-25-dynamique-bose-_JM#polycard_client=search-nordic&position=36&search_layout=grid&type=item&tracking_id=be3070fd-7b24-4244-ac88-5d8c262fc847,33.3
Renault Koleos 2.5 Sportway At 4x2 2016,56200000,2016,48000,Belén - Medellín,https://carro.mercadolibre.com.co/MCO-2847195098-renault-koleos-25-sportway-at-4x2-2016-_JM#polycard_client=search-nordic&position=8&search_layout=grid&type=item&tracking_id=c5081505-b365-4707-a071-316a6bed355b,49.9
Renault Duster 2.0 Dynamique 4x2 Automática,38900000,2014,155000,Ancon Sur - Sabaneta,https://carro.mercadolibre.com.co/MCO-1575873603-renault-duster-dynamique-modelo-2014-_JM#polycard_client=search-nordic&position=30&search_layout=grid&type=item&tracking_id=81b3f645-e53c-4053-99d7-37fca7207faa,38.1
Renault Koleos 2.5 Dynamique Bose,43900000,2013,73000,El Poblado - Medellín,https://carro.mercadolibre.com.co/MCO-2861710714-renault-koleos-25-dynamique-bose-_JM#polycard_client=search-nordic&position=25&search_layout=grid&type=item&tracking_id=9acaad1b-3980-4688-b3df-d393a4b50dde,41.8
Renault Captur 2.0 Intens Automática,53500000,2018,81500,Belén Loma De Los Bernal - Medellín,https://carro.mercadolibre.com.co/MCO-1569224181-renault-captur-20-intens-automatica-_JM#polycard_client=search-nordic&position=32&search_layout=grid&type=item&tracking_id=be3070fd-7b24-4244-ac88-5d8c262fc847,56.0
Ford Edge 3.5 Titanium,62000000,2016,94300,El Poblado - Medellín,https://carro.mercadolibre.com.co/MCO-2855389484-ford-edge-35-titanium-_JM#polycard_client=search-nordic&position=45&search_layout=grid&type=item&tracking_id=9acaad1b-3980-4688-b3df-d393a4b50dde,39.2
Chevrolet Tracker 1.8 Ls At,45000000,2019,87000,Laureles - Medellín,https://carro.mercadolibre.com.co/MCO-1578379059-chevrolet-tracker-18-ls-at-_JM#polycard_client=search-nordic&position=33&search_layout=grid&type=item&tracking_id=26ea5e31-1826-4a79-9a44-ca9b5f22afc6,65.7
Renault Koleos 2.0 Dynamique,45900000,2013,120000,Laureles - Medellín,https://carro.mercadolibre.com.co/MCO-1575228443-renault-koleos-20-dynamique-_JM#polycard_client=search-nordic&position=1&search_layout=grid&type=item&tracking_id=9acaad1b-3980-4688-b3df-d393a4b50dde,33.7
Renault Koleos 2.5 Dynamique,44900000,2015,117000,Belén Loma De Los Bernal - Medellín,https://carro.mercadolibre.com.co/MCO-1553764349-renault-koleos-25-dynamique-_JM#polycard_client=search-nordic&position=13&search_layout=grid&type=item&tracking_id=c5081505-b365-4707-a071-316a6bed355b,43.7
Chevrolet Traverse 3.6 Lt At 2016,54900000,2016,91466,El Poblado - Medellín,https://carro.mercadolibre.com.co/MCO-1545156819-chevrolet-traverse-36-lt-at-2016-_JM#polycard_client=search-nordic&position=9&search_layout=grid&type=item&tracking_id=c5081505-b365-4707-a071-316a6bed355b,44.7
Renault Duster 2.0 Dynamique 4x2 At,41500000,2016,119000,Primavera - Envigado,https://carro.mercadolibre.com.co/MCO-1566403209-renault-duster-20-dynamique-4x2-at-_JM#polycard_client=search-nordic&position=33&search_layout=grid&type=item&tracking_id=c5081505-b365-4707-a071-316a6bed355b,50.3
Nissan Qashqai Cc2000 +2 7 Puestos,52900000,2014,154000,Ancon Sur - Sabaneta,https://carro.mercadolibre.com.co/MCO-1576905969-nissan-qashqai-2-cc2000-modelo-2014-_JM#polycard_client=search-nordic&position=40&search_layout=grid&type=item&tracking_id=81b3f645-e53c-4053-99d7-37fca7207faa,28.3
Kia New Sportage 2.4 Lx Revolution At 4x2,59000000,2013,104436,Belén - Medellín,https://carro.mercadolibre.com.co/MCO-2820617318-kia-new-sportage-24-lx-revolution-2013-_JM#polycard_client=search-nordic&position=3&search_layout=grid&type=item&tracking_id=c5081505-b365-4707-a071-316a6bed355b,26.6
Dodge Journey 2.4 Se Fl,38900000,2013,85000,El Poblado - Medellín,https://carro.mercadolibre.com.co/MCO-2864224958-dodge-journey-24-se-fl-_JM#polycard_client=search-nordic&position=28&search_layout=grid&type=item&tracking_id=81b3f645-e53c-4053-99d7-37fca7207faa,43.6
Chevrolet Tracker 1.8 Lt At,36500000,2014,122000,Rionegro,https://carro.mercadolibre.com.co/MCO-1565014491-chevrolet-tracker-18-lt-at-_JM#polycard_client=search-nordic&position=38&search_layout=grid&type=item&tracking_id=9acaad1b-3980-4688-b3df-d393a4b50dde,44.5
Nissan Qashqai +2 2.0l 4wd +2,45000000,2014,155000,Suramericana - Medellín,https://carro.mercadolibre.com.co/MCO-1574300401-nissan-qashqai-2-20l-4wd-2-_JM#polycard_client=search-nordic&position=32&search_layout=grid&type=item&tracking_id=26ea5e31-1826-4a79-9a44-ca9b5f22afc6,33.8
Chevrolet Tracker 1.8 Ls At,39000000,2016,123000,Belén Altavista - Medellín,https://carro.mercadolibre.com.co/MCO-2852261832-chevrolet-tracker-18-ls-at-_JM#polycard_client=search-nordic&position=15&search_layout=grid&type=item&tracking_id=26ea5e31-1826-4a79-9a44-ca9b5f22afc6,51.5
Ford Ecosport 2.0 Titanium At,48000000,2017,68000,Guayabal - Medellín,https://carro.mercadolibre.com.co/MCO-2860417642-ford-ecosport-20-titanium-at-_JM#polycard_client=search-nordic&position=40&search_layout=grid&type=item&tracking_id=26ea5e31-1826-4a79-9a44-ca9b5f22afc6,57.4
Suzuki Grand Vitara 2.4 Sz Glx Sport 4x4,57500000,2016,134500,El Poblado - Medellín,https://carro.mercadolibre.com.co/MCO-2858781878-suzuki-grand-vitara-24-sz-glx-sport-4x4-_JM#polycard_client=search-nordic&position=29&search_layout=grid&type=item&tracking_id=9acaad1b-3980-4688-b3df-d393a4b50dde,36.7
Chevrolet Tracker 1.8 Lt Automática 4x2,40000000,2017,113000,El Poblado - Medellín,https://carro.mercadolibre.com.co/MCO-2865813602-chevrolet-tracker-18-lt-automatica-4x2-_JM#polycard_client=search-nordic&position=32&search_layout=grid&type=item&tracking_id=9acaad1b-3980-4688-b3df-d393a4b50dde,56.7
Chevrolet Tracker 1.8 Ls Automática,43900000,2017,67000,El Poblado - Medellín,https://carro.mercadolibre.com.co/MCO-1567228837-chevrolet-tracker-18-ls-automatica-2017-gas-gasolina-_JM#polycard_client=search-nordic&position=46&search_layout=grid&type=item&tracking_id=c5081505-b365-4707-a071-316a6bed355b,60.4
Dodge Journey 3.6 R/t Awd Fl,40000000,2012,130000,Los Balsos - Medellín,https://carro.mercadolibre.com.co/MCO-1577330469-dodge-journey-36-rt-awd-fl-_JM#polycard_client=search-nordic&position=38&search_layout=grid&type=item&tracking_id=26ea5e31-1826-4a79-9a44-ca9b5f22afc6,32.0
Chevrolet Tracker 1.8 Lt At,46000000,2016,59800,El Poblado - Medellín,https://carro.mercadolibre.com.co/MCO-2860534570-chevrolet-tracker-18-lt-at-_JM#polycard_client=search-nordic&position=8&search_layout=grid&type=item&tracking_id=81b3f645-e53c-4053-99d7-37fca7207faa,55.5
Ford Ecosport 2.0 Titanium At,41500000,2015,88000,Las Flores - Envigado,https://carro.mercadolibre.com.co/MCO-2859575758-ford-ecosport-20-titanium-at-_JM#polycard_client=search-nordic&position=2&search_layout=grid&type=item&tracking_id=be3070fd-7b24-4244-ac88-5d8c262fc847,50.3
Renault Duster 2.0 Dynamique 4x2,51999000,2018,60500,Laureles - Medellín,https://carro.mercadolibre.com.co/MCO-2852562972-renault-duster-dynamique-2018-segundo-dueno-automatico-_JM#polycard_client=search-nordic&position=1&search_layout=grid&type=item&tracking_id=81b3f645-e53c-4053-99d7-37fca7207faa,60.0
Ford Ecosport 2.0 Titanium At,63000000,2020,61300,Mayorca - Sabaneta,https://carro.mercadolibre.com.co/MCO-2849724944-ford-ecosport-20-titanium-at-_JM#polycard_client=search-nordic&position=19&search_layout=grid&type=item&tracking_id=26ea5e31-1826-4a79-9a44-ca9b5f22afc6,61.0
Suzuki Grand Vitara 2.4 Sz Glx Sport 4x2,44000000,2013,148500,Conquistadores - Medellín,https://carro.mercadolibre.com.co/MCO-2860933160-suzuki-grand-vitara-24-sz-glx-sport-4x2-_JM#polycard_client=search-nordic&position=19&search_layout=grid&type=item&tracking_id=81b3f645-e53c-4053-99d7-37fca7207faa,31.0
Chevrolet Tracker 1.8 Ls At,39500000,2014,69000,Laureles - Medellín,https://carro.mercadolibre.com.co/MCO-2861960570-chevrolet-tracker-18-ls-at-_JM#polycard_client=search-nordic&position=17&search_layout=grid&type=item&tracking_id=26ea5e31-1826-4a79-9a44-ca9b5f22afc6,49.9
Jeep Renegade 1.8 Sport At,60000000,2019,94392,El Poblado - Medellín,https://carro.mercadolibre.com.co/MCO-1578215091-jeep-renegade-18-sport-at-_JM#polycard_client=search-nordic&position=9&search_layout=grid&type=item&tracking_id=26ea5e31-1826-4a79-9a44-ca9b5f22afc6,53.9
Jeep Grand Cherokee 3.6 Limited,64900000,2014,149500,El Poblado - Medellín,https://carro.mercadolibre.com.co/MCO-1578247523-jeep-grand-cherokee-36-limited-_JM#polycard_client=search-nordic&position=28&search_layout=grid&type=item&tracking_id=26ea5e31-1826-4a79-9a44-ca9b5f22afc6,20.4
Ford Ecosport 2.0 Titanium At,43999000,2015,96000,Laureles - Medellín,https://carro.mercadolibre.com.co/MCO-2847507136-ford-ecosport-titanium-2015-segundo-dueno-automatica-4x2-_JM#polycard_client=search-nordic&position=3&search_layout=grid&type=item&tracking_id=81b3f645-e53c-4053-99d7-37fca7207faa,47.3
Ford Edge 3.5 Se Fl,45900000,2013,128150,Barrio Colombia - Medellín,https://carro.mercadolibre.com.co/MCO-2849637996-ford-edge-35-se-fl-_JM#polycard_client=search-nordic&position=10&search_layout=grid&type=item&tracking_id=c5081505-b365-4707-a071-316a6bed355b,32.5
Chevrolet Tracker 1.8 Lt At,39900000,2016,77900,El Poblado - Medellín,https://carro.mercadolibre.com.co/MCO-1564710059-chevrolet-tracker-18-lt-at-_JM#polycard_client=search-nordic&position=7&search_layout=grid&type=item&tracking_id=26ea5e31-1826-4a79-9a44-ca9b5f22afc6,57.3
Hyundai Santa Fe 2.4 Gls+,64000000,2015,187000,Laureles - Medellín,https://carro.mercadolibre.com.co/MCO-2827122872-hyundai-santa-fe-24-gls-_JM#polycard_client=search-nordic&position=49&search_layout=grid&type=item&tracking_id=c5081505-b365-4707-a071-316a6bed355b,20.2
Chevrolet Tracker 1.8 Ls,34800000,2013,129900,Las Lomitas - Sabaneta,https://carro.mercadolibre.com.co/MCO-1572704119-chevrolet-tracker-18-ls-_JM#polycard_client=search-nordic&position=14&search_layout=grid&type=item&tracking_id=81b3f645-e53c-4053-99d7-37fca7207faa,40.2
Volkswagen Tiguan 2.0 Trend & Fun 179 Hp,57900000,2014,85000,El Poblado - Medellín,https://carro.mercadolibre.com.co/MCO-2844119228-volkswagen-tiguan-20-trend-fun-179-hp-_JM#polycard_client=search-nordic&position=42&search_layout=grid&type=item&tracking_id=81b3f645-e53c-4053-99d7-37fca7207faa,34.6
Hyundai Santa Fe 2.4 Gls At,61000000,2014,114000,Laureles - Medellín,https://carro.mercadolibre.com.co/MCO-1529177263-hyundai-santa-fe-24-gls-at-_JM#polycard_client=search-nordic&position=11&search_layout=grid&type=item&tracking_id=9acaad1b-3980-4688-b3df-d393a4b50dde,28.2
Ford Ecosport 2.0 Titanium At,57500000,2018,63000,Vegas Del Poblado - Medellín,https://carro.mercadolibre.com.co/MCO-2847990370-ford-ecosport-20-titanium-at-_JM#polycard_client=search-nordic&position=10&search_layout=grid&type=item&tracking_id=be3070fd-7b24-4244-ac88-5d8c262fc847,55.7
Renault Captur 2.0 Intens Automática,51000000,2018,86400,Patio Bonito - Medellín,https://carro.mercadolibre.com.co/MCO-2862466424-renault-captur-20-intens-automatica-_JM#polycard_client=search-nordic&position=18&search_layout=grid&type=item&tracking_id=26ea5e31-1826-4a79-9a44-ca9b5f22afc6,57.1
Ford Escape 2.0 Se 4x4,44900000,2013,125000,San Diego - Medellín,https://carro.mercadolibre.com.co/MCO-2835186534-ford-escape-20-titanium-4x4-_JM#polycard_client=search-nordic&position=45&search_layout=grid&type=item&tracking_id=81b3f645-e53c-4053-99d7-37fca7207faa,33.7
Ford Ecosport 2.0 Se At 4x2 2015,50500000,2015,46696,Entreamigos - Sabaneta,https://carro.mercadolibre.com.co/MCO-1555735459-ford-ecosport-20-se-at-4x2-2015-_JM#polycard_client=search-nordic&position=5&search_layout=grid&type=item&tracking_id=c5081505-b365-4707-a071-316a6bed355b,49.7
Renault Duster 2.0 Dynamique 4x2 At,60800000,2020,91000,Laureles - Medellín,https://carro.mercadolibre.com.co/MCO-1568172961-renault-duster-20-dynamique-4x2-at-_JM#polycard_client=search-nordic&position=13&search_layout=grid&type=item&tracking_id=26ea5e31-1826-4a79-9a44-ca9b5f22afc6,58.3
Chevrolet Tracker 1.8 Ls At,39900000,2015,81000,Belén Nogal - Los Almendros - Medellín,https://carro.mercadolibre.com.co/MCO-1578380305-chevrolet-tracker-18-ls-at-_JM#polycard_client=search-nordic&position=14&search_layout=grid&type=item&tracking_id=9acaad1b-3980-4688-b3df-d393a4b50dde,52.4
